INSERT INTO user VALUES
('kostasd1','12345','Kostas','Dimitriou','2021-01-01 00:00:00','kostasd1@gmail.com'),
('panosgee','12345','Panos','Gialamas','2021-01-01 00:00:00','panosgee@gmail.com'),
('ipay67','12345','Giannis','Georgiou','2021-01-01 00:00:00','ipay67@gmail.com'),
('cakemaker','12345','Dimitra','Theodosiou','2021-01-01 00:00:00','cakemaker@gmail.com'),
('love1940','12345','Vaya','Kazatzidi','2021-01-01 00:00:00','love1940@gmail.com'),
('lamialover','12345','Aleka','Amanatidou','2021-01-01 00:00:00','lamialover@gmail.com'),
('doubled5','12345','Dimitris','Dimakopoulos','2021-01-01 00:00:00','doubled5@gmail.com'),
('dance367','12345','Mariloy','Eleftheriou','2021-01-01 00:00:00','dance367@gmail.com'),
('justice194','12345','Agamemnonas','Kexagias','2021-01-01 00:00:00','justice194@gmail.com'),
('cook178','12345','Ektoras','Mporini','2021-01-01 00:00:00','cook178@gmail.com'),
('kleftis91','12345','Paris','Iliadis','2021-01-01 00:00:00','kleftis91@gmail.com'),
('fterna32','12345','Axileas','Zografou','2021-01-01 00:00:00','fterna32@gmail.com'),
('dman','12345','Patroklos','Blaxopoulos','2021-01-01 00:00:00','dman@gmail.com'),
('super3','12345','Ifigenia','Bikelidou','2021-01-01 00:00:00','super3@gmail.com'),
('alone21','12345','Pinelopi','Babaka','2021-01-01 00:00:00','alone21@gmail.com'),
('lostboat','12345','Odiseas','Alitis','2021-01-01 00:00:00','lostboat@gmail.com'),
('detective','12345','Chloe','Decker','2021-01-01 00:00:00','detective@gmail.com'),
('jason24','12345','Jason','Detrulo','2021-01-01 00:00:00','jason24@gmail.com'),
('smallkid4','12345','Tracy','Decker','2021-01-01 00:00:00','smallkid4@gmail.com'),
('shorthair','12345','Dean','Winchester','2021-01-01 00:00:00','shorthair@gmail.com'),
('longhair','12345','Sam','Winchester','2021-01-01 00:00:00','longhair@gmail.com'),
('bd83','12345','Bobby','Dillan','2021-01-01 00:00:00','bd83@gmail.com'),
('audioj','12345','Jack','Willian','2021-01-01 00:00:00','audioj@gmail.com'),
('darkqueen','12345','Amara','Elarabi','2021-01-01 00:00:00','darkqueen@gmail.com'),
('angel123','12345','Castiel','Novak','2021-01-01 00:00:00','angel123@gmail.com'),
('cing99','12345','Crowley','Dickinson','2021-01-01 00:00:00','cing99@gmail.com'),
('codylegend','12345','Cody','Simpson','2021-01-01 00:00:00','codylegend@gmail.com'),
('sakisas','12345','Sakis','Georgoulas','2021-01-01 00:00:00','sakisas@gmail.com');

INSERT INTO companies_group VALUES
('Misk Productions');


INSERT INTO company VALUES
('197747737','Naousas','Mania Records','6982030794','Makedonias','4','Naousa','Ellada','Misk Productions'),
('943268720','Lamias','Fokos Records','6937425887','Kinou','79','Lamia','Ellada','Misk Productions'),
('126969074','Patras','Dimos Records','6940000123','Pinokio','7','Patra','Ellada','Misk Productions'),
('191797571','Filipiadas','BDCF Industry','6987276312','Hrwwn','6','Filipiada','Ellada','Misk Productions');


INSERT INTO manager VALUES 
('longhair','3','197747737'),
('ipay67','15','943268720'),
('smallkid4','1','126969074'),
('bd83','6','191797571');

INSERT INTO employee VALUES
('kostasd1','19 xronwn','3+ years experience using digital audio hardware and software','','','197747737','','3'),
('panosgee','32 xronwn','Diploma Level 3 Music Production','','MAD Awards','943268720','','7'),
('cakemaker','44 xronwn','Bachelors degree in science of music','','Grammy','126969074','','20'),
('love1940','25 xronwn','SAE Certificate in Electronic Music Production','','Academy Award','191797571','','5'),
('lamialover','54 xronwn','Bachelors degree in science of music','','','197747737','','24'),
('doubled5','56 xronwn','Bachelors degree in science of music','','','943268720','','26'),
('dance367','22 xronwn','3+ years experience using digital audio hardware and software','','Academy Award','126969074','','4'),
('cook178','24 xronwn','SAE Certificate in Electronic Music Production','','International Electronic Music Award','191797571','','8'),
('kleftis91','36 xronwn','Diploma Level 3 Music Production','','Academy Award','197747737','','12'),
('fterna32','31 xronwn','Diploma Level 3 Music Production','','','943268720','','5'),
('dman','27 xronwn','SAE Certificate in Electronic Music Production','','Grammy','126969074','','12'),
('super3','23 xronwn','SAE Certificate in Electronic Music Production','','Mad Awards','191797571','','5'),
('shorthair','30 xronwn','Diploma Level 3 Music Production','','','197747737','','4'),
('cing99','49 xronwn','Bachelors degree in science of music','','International Classical Music Award','943268720','','29'),
('codylegend','34 xronwn','Diploma Level 3 Music Production','','','126969074','','6'),
('sakisas','20 xronwn','3+ years experience using digital audio hardware and software','','','191797571','','3');


INSERT INTO languages VALUES
('kostasd1','GR'),
('panosgee','GR,EN'),
('cakemaker','GR,EN'),
('love1940','GR,EN,GER'),
('lamialover','GR'),
('doubled5','GR'),
('dance367','GR'),
('cook178','GR,GER'),
('kleftis91','EN,GR'),
('fterna32','GR'),
('dman','GR,GER'),
('super3','GR,GER'),
('shorthair','EN'),
('cing99','EN,GER'),
('codylegend','EN'),
('sakisas','GR');

INSERT INTO degree VALUES
('Faculty of Music & Audiovisual Arts,Department of Music Studies','Ionian University','Univ'),
('Department of Music Science and Arts','University of Macedonia','MASTER'),
('College of Music','Berklee College','PHD'),
('Musical School of Athens','Musical School','LYKEIO');

INSERT INTO has_degree VALUES
('Musical School of Athens','Musical School','kostasd1','2020','17,3'),
('Department of Music Science and Arts','University of Macedonia','panosgee','2014','8,1'),
('College of Music','Berklee College','cakemaker','2007','9,4'),
('Faculty of Music & Audiovisual Arts,Department of Music Studies','Ionian University','love1940','2020','7'),
('College of Music','Berklee College','lamialover','2009','7,6'),
('College of Music','Berklee College','doubled5','2011','7,3'),
('Musical School of Athens','Musical School','dance367','2017','19'),
('Faculty of Music & Audiovisual Arts,Department of Music Studies','Ionian University','cook178','2020','6,9'),
('Department of Music Science and Arts','University of Macedonia','kleftis91','2012','6,4'),
('Department of Music Science and Arts','University of Macedonia','fterna32','2017','7,5'),
('Faculty of Music & Audiovisual Arts,Department of Music Studies','Ionian University','dman','2016','9,6'),
('Faculty of Music & Audiovisual Arts,Department of Music Studies','Ionian University','super3','2021','6,7'),
('Department of Music Science and Arts','University of Macedonia','shorthair','2017','6,8'),
('College of Music','Berklee College','cing99','2008','8,2'),
('Department of Music Science and Arts','University of Macedonia','codylegend','2016','5,9'),
('Musical School of Athens','Musical School','sakisas','2019','12,4');

INSERT INTO evaluator VALUES
('justice194','197747737','','2'),
('alone21','197747737','','3'),
('lostboat','943268720','','1'),
('detective','943268720','','2'),
('jason24','126969074','','5'),
('angel123','126969074','','3'),
('audioj','191797571','','2'),
('darkqueen','191797571','','1');


INSERT INTO job VALUES
('','BeatMaker','Naousa','1200.0','justice194','2021-01-01 00:00:00','2021-03-01'),
('','Producer','Naousa','1600.0','alone21','2021-01-01 00:00:00','2021-03-01'),
('','BeatMaker','Lamia','1300.0','lostboat','2021-01-01 00:00:00','2021-03-01'),
('','Producer','Lamia','1500.0','detective','2021-01-01 00:00:00','2021-03-01'),
('','BeatMaker','Patra','1250.0','jason24','2021-01-01 00:00:00','2021-03-01'),
('','Producer','Patra','1500.0','angel123','2021-01-01 00:00:00','2021-03-01'),
('','BeatMaker','Filipiada','1300.0','audioj','2021-01-01 00:00:00','2021-03-01'),
('','Producer','Filipiada','1650.0','darkqueen','2021-01-01 00:00:00','2021-03-01');

INSERT INTO antikeim VALUES
('Loops','Create loops',NULL),
('Midi,Speakers,DAW','Makes your life easier','Loops');

INSERT INTO needs VALUES
('2','Midi,Speakers,DAW'),
('7','Loops');
